organization_id,id,name,email,role,active,notes,group,api_subscription,employee_id,promotion_code,tags,org_name
10838812608,7524917807,Jennifer Hansen - CE,jhansen@example.com,admin,True,Likes emojis 😊,Advanced Support - CE,plan_gold,,doloratdoloremque,[],Express Merchant Service
2208998928,7858057707,Kate Hoffman - CE,katehoffman7@example.com,admin,True,,Tier 2 Support - CE,plan_gold,,ullaminventorefuga,[],United Oil & Gas Corp.
6894522008,7858067547,Anna Dalby - CE,anna.dalby1@example.com,end-user,True,,,plan_gold,,velquasvel,"['subscription_silver', 'product_a', 'chef_dequipe', 'plan_gold', 'no_csat']",Bob's super ford
10838798148,7858071167,Aubrey Kaine - CE,aubreykaine00@example.com,agent,True,,Sales - CE,plan_silver,,natusmolestiasea,[],Eisner Food Stores
10838814908,7858083167,Francis Kind - CE,franciskind.zen@example.com,agent,True,,Advanced Support - CE,plan_gold,,nobisconsecteturenim,[],Bodega Club
10778642047,7858096207,Bunk Moreland - CE,bunkmoreland410@example.com,admin,True,,Product Support - CE,plan_gold,,nisiquodperspiciatis,[],Kleinhans
15976972808,7858111247,Lester Freamon - CE,lazendesk@example.com,admin,True,,Product Support - CE,plan_silver,,etplaceatcupiditate,[],ABA English
15622168627,7858119547,Marlo Stanfield - CE,ceenduser@example.com,end-user,True,,,plan_gold,15.0,expeditaaliquidipsa,"['gold', 'paid', 'san_francisco', 'co-op', 'vip']",This name is not unique
10789859667,7858174327,Emma Lee - CE,fakecustomer1234@example.com,end-user,True,,,plan_bronze,12345.0,eainventorevoluptas,"['plan_gold', 'vip_user', 'no_csat']",Test 815510052462391
10778652467,7929155048,Shirin Poeplinghaus - CE,lucywalsh.zendesk@example.com,agent,True,,Tier 1 Support - CE,plan_bronze,,explicabodebitisea,['tier1_support'],Pro-Care Garden Maintenance
10838808228,7929180588,Jimmy McNulty - CE,jmcnulty410@example.com,end-user,True,,,plan_bronze,,maximeabquibusdam,"['vip_user', 'emea', 'plan_silver', 'resigned']",Wealthy Ideas
10778648407,8129791828,Jennifer Hansen - CE,fakeagent548@example.com,agent,True,,Advanced Support - CE,plan_bronze,,laboresolutapariatur,['vip_customer'],Avant Garde Interior Designs
10838833168,11321745068,Lisa Roth - CE,lrothrauff@example.com,admin,True,,Product Support - CE,plan_gold,,illoomnisnisi,[],Gamma Grays
10789859667,11321745068,Lisa Roth - CE,lrothrauff@example.com,admin,True,,Product Support - CE,plan_gold,,illoomnisnisi,[],Test 815510052462391
15976972688,12946394628,Sample customer,customer@example.com,end-user,True,,,plan_silver,,remsaepefugiat,[],Education 360
15976972808,13618422767,Em Cino - CE,franciskind.zen+01@example.com,agent,True,,Product Support - CE,plan_silver,,assumendaconsequaturdicta,[],ABA English
10778617287,15462603267,Samira Miller - CE,samira@example.com,agent,True,,Tier 1 Support - CE,plan_bronze,,vitaeasunt,[],Crazy Tiger
10838806168,16255518428,Karen Biscopink - CE,kbiscopink@example.com,admin,True,,Product Support - CE,plan_bronze,,sequiistedicta,[],Spaceage Stereo
3535325388,16306259928,Robert,franciskind.zen+1@example.com,admin,True,,Advanced Support - CE,plan_silver,,namlaborepariatur,[],1077207-Moneygram International
15976972648,17257677007,Jen Doe - CE,fakecustomer2016@example.com,end-user,True,,,plan_gold,123456789.0,inventoreveroprovident,['plan_silver'],1-Stop Connections
10838829148,18025059467,Charles Nadeau - CE,cnadeau@example.com,admin,True,,Product Support - CE,plan_bronze,,veniamfacereea,[],Mighty Casey's
2208998938,18093484988,Laduma Nguyuza,laduma@example.com,admin,True,,Product Support - CE,plan_bronze,,dictalaborumconsequatur,[],sForce
10838833248,18163710208,Fred Flora - CE,fredflora@example.com,end-user,True,,,plan_gold,,expeditasimiliqueneque,"['plan_gold', 'no_csat']",Hamady Bros. Supermarkets
10778642047,18163710208,Fred Flora - CE,fredflora@example.com,end-user,True,,,plan_gold,,expeditasimiliqueneque,"['plan_gold', 'no_csat']",Kleinhans
10838806168,18163710208,Fred Flora - CE,fredflora@example.com,end-user,True,,,plan_gold,,expeditasimiliqueneque,"['plan_gold', 'no_csat']",Spaceage Stereo
10778619527,18730775647,Jackson Davis - CE,jdavis@example.com,agent,True,,Product Support - CE,plan_bronze,,errorrationequaerat,[],Farrell's Ice Cream Parlour
10838829148,22214309548,Megan Browning - CE,mbrowning@example.com,admin,True,,Product Support - CE,plan_bronze,,eumfacerequisquam,[],Mighty Casey's
10838831148,22301486087,Mark Banuelos - CE,mbanuelos@example.com,agent,True,,Product Support - CE,plan_bronze,,eaqueconsequunturatque,[],Life Map
2371912888,22407851608,Clark Green - CE,clarkgreen123@example.com,admin,True,,Product Support - CE,plan_gold,,remquodrepellat,[],The New Org
10838798008,22983923328,Nick Lopez,nicklopez123123@example.com,end-user,True,,,plan_gold,,mollitiacorruptitemporibus,"['plan_silver', 'vip']",Frame Scene
10838810308,23783206948,Alexander Migale - CE,agm.zendesk@example.com,admin,True,,Tier 1 Support - CE,plan_silver,,harumblanditiisconsectetur,"['sales', 'training']",MVP Sports
10838839568,24410956807,Beatrix Abbott - CE,mbrowning+ba@example.com,admin,True,,Product Support - CE,plan_silver,,perspiciatisperspiciatisprovident,[],Clemens Markets
10778615267,24495693028,Cruz Smith - CE,mbrowning+cs@example.com,agent,True,,Product Support - CE,plan_bronze,,quaerecusandaedolorum,[],Merrymaking
10779027607,26130084287,Courtney Benjamin-CE,cb.zendesk@example.com,end-user,True,,,plan_silver,,delenitihicat,"['gold', 'emea_customer', 'london', 'europe']",Allied Agent Office
10838798148,26309753347,Austin Haukinz - CE,ahaukinz@example.com,agent,True,,Product Support - CE,plan_silver,,inadest,[],Eisner Food Stores
10838814808,26395517047,Aza Coward - CE,aza@example.com,admin,True,,Promotions - CE,plan_silver,,eiusidconsectetur,[],Country Club Markets
10838827068,26400784527,Eat Well Support,,end-user,True,,,plan_bronze,,eligendisuscipitvero,[],Trak Auto
15976972708,26400784527,Eat Well Support,,end-user,True,,,plan_bronze,,eligendisuscipitvero,[],360 Incentives
10838812608,26400784527,Eat Well Support,,end-user,True,,,plan_bronze,,eligendisuscipitvero,[],Express Merchant Service
10838839528,26958734847,Malcom,malcolm@example.com,end-user,True,,,plan_bronze,,ipsaofficiadolore,[],Matrix Architectural Service
10838835488,27401922328,Chris Meyers,cmeyers@example.com,end-user,True,,,plan_gold,,occaecaticumfugit,['guide_tier1_section'],Mr. Steak
10838812608,27562100148,John Smith,john@example.com,end-user,True,,,plan_gold,,quaedoloreenim,[],Express Merchant Service
2208998918,27599923708,John Smith,john@example.com,end-user,True,,,plan_silver,,quaeillosaepe,[],University of Arizona
20287205127,27774465447,george,georgeo@example.com,end-user,True,,,plan_gold,,solutaexercitationemiste,[],Beecher Supply
360041750613,27869766668,Visitor 23590364,,end-user,True,,,plan_gold,,pariaturaccusantiumvoluptatibus,[],123456789
10838812648,27904624747,Visitor 96375178,,end-user,True,,,plan_gold,,quibusdammaximea,[],Helios Air
10787647727,27904624747,Visitor 96375178,,end-user,True,,,plan_gold,,quibusdammaximea,[],Joe SR Private Org
10778642187,27905466447,Visitor 7277679,,end-user,True,,,plan_silver,,remoditdolorum,[],Country Club Markets2
10838903188,27985761827,Test,,end-user,True,,,plan_silver,,facilisinventorefacere,[],Sally SR Org
10838814768,27985761827,Test,,end-user,True,,,plan_silver,,facilisinventorefacere,[],Sunburst Garden Management
10838812448,27999910988,Visitor 88770589,,end-user,True,,,plan_gold,,corruptidoloremquesequi,[],The Pink Pig Tavern
2208998848,28000506268,Visitor 56361663,,end-user,True,,,plan_silver,,rerumvoluptatesaut,[],"United Oil & Gas, Singapore"
10838808228,28036032308,Visitor 44363997,,end-user,True,,,plan_bronze,,iustoexpeditapossimus,[],Wealthy Ideas
10778654507,28168831447,Visitor 79609699,,end-user,True,,,plan_silver,,idpraesentiumab,[],Steve's Ice Cream
10838812668,28171733667,George,,end-user,True,,,plan_silver,,maioreslaborumomnis,[],Red Bears Tavern
10838816968,28270872488,George,gg@example.com,end-user,True,,,plan_bronze,,ipsamabexplicabo,[],Avant Garde Appraisal
10778619687,28270872488,George,gg@example.com,end-user,True,,,plan_bronze,,ipsamabexplicabo,[],Singer Lumber
10789922867,28270872488,George,gg@example.com,end-user,True,,,plan_bronze,,ipsamabexplicabo,[],VIP Customers
7660595647,28308545067,Visitor 86361647,,end-user,True,,,plan_bronze,,numquampraesentiumeos,[],IOU Money
10838821028,28308630867,Visitor 9069214,,end-user,True,,,plan_gold,,laudantiumcommodidolore,[],Odyssey Records & Tapes
2208998868,28309006027,Visitor 33491187,,end-user,True,,,plan_bronze,,magnamdolorefugit,[],Burlington Textiles Corp of America
10838812528,28384330507,Visitor 42889124,,end-user,True,,,plan_silver,,explicaboeaqueiste,[],Food Mart
10779027607,28384330507,Visitor 42889124,,end-user,True,,,plan_silver,,explicaboeaqueiste,[],Allied Agent Office
10778648407,28384330507,Visitor 42889124,,end-user,True,,,plan_silver,,explicaboeaqueiste,[],Avant Garde Interior Designs
10838800148,28387098308,Visitor 86361647,,end-user,True,,,plan_silver,,quasveroquis,[],"Deco Refreshments, Inc."
10838818988,28404557288,Visitor 85664065,,end-user,True,,,plan_silver,,faceremagnamvoluptatum,[],Builders Emporium
10838810388,28613552627,Visitor 11995833,,end-user,True,,,plan_gold,,laboresuscipitdoloremque,[],Sew-Fro Fabrics
15976972768,28613585787,Visitor 86361647,,end-user,True,,,plan_gold,,voluptatibusrepellatdeleniti,[],8th Sphere
10838793928,28613783407,Visitor 86361647,jcruise@example.com,end-user,True,,,plan_bronze,,modiquaeratiusto,[],Incluesiv
2208998858,28647500487,Visitor 17497796,,end-user,True,,,plan_gold,,quodnobismagnam,[],Edge Communications
10778642187,28647634607,Visitor 26613524,,end-user,True,,,plan_gold,,facilisadratione,[],Country Club Markets2
10838810308,28719455568,Visitor 56042054,,end-user,True,,,plan_silver,,enimassumendaaliquid,[],MVP Sports
10778642107,28720016248,Visitor 14343384,,end-user,True,,,plan_gold,,similiqueatquequae,[],Knox Lumber
10838816968,28747405507,Visitor 14343384,,end-user,True,,,plan_silver,,ipsaillumut,[],Avant Garde Appraisal
10778619547,28747405507,Visitor 14343384,,end-user,True,,,plan_silver,,ipsaillumut,[],Sistemos
1803986017,28747552927,Visitor 13789444,,end-user,True,,,plan_bronze,,quisquamconsectetursunt,[],40 Proof
2208998928,28747575007,Visitor 87985401,,end-user,True,,,plan_gold,,dolorumarchitectoconsectetur,[],United Oil & Gas Corp.
2208998838,28749160287,Visitor 14272733,,end-user,True,,,plan_gold,,cumexplicaboquo,[],"United Oil & Gas, UK"
2208998918,28749190667,Efren,efren@example.com,end-user,True,,,plan_bronze,,dictaametnon,[],University of Arizona
10838823068,28751157548,Visitor 86361647,,end-user,True,,,plan_silver,,sequianimisequi,[],Ole's
15976972748,28756791707,Sera Tajima - CE,stajima@example.com,admin,True,,Product Support - CE,plan_bronze,,laudantiumdolorumipsa,[],757 Creative Space
3535315768,28794745788,Visitor 41764726,,end-user,True,,,plan_gold,,nisiquisoccaecati,[],Rackspace Corporate
10838810388,28824254527,Shirin,shirin@example.com,end-user,True,,,plan_bronze,,nostrumexaperiam,[],Sew-Fro Fabrics
10838814768,28850450748,Visitor 86361647,,end-user,True,,,plan_silver,,mollitiaipsumtemporibus,[],Sunburst Garden Management
10778644267,28852187228,Visitor 64655414,,end-user,True,,,plan_gold,,expeditaaasperiores,[],Asian Fusion
2208998918,360013515467,Caller Unknown,,end-user,True,,,plan_bronze,,iurevoluptatumfacere,[],University of Arizona
10838812568,360013515467,Caller Unknown,,end-user,True,,,plan_bronze,,iurevoluptatumfacere,[],Mervyn's
10789922867,360013515467,Caller Unknown,,end-user,True,,,plan_bronze,,iurevoluptatumfacere,[],VIP Customers
3535325388,360097753587,Amanda Gamblin - CE,agamblin@example.com,admin,True,,Product Support - CE,plan_silver,,undeexplicabodeserunt,[],1077207-Moneygram International
10838980228,360216579807,Agamblin+test,agamblin+test@example.com,end-user,True,,,plan_bronze,,faciliscommodivel,[],Seth Means Org
10838980228,360313965087,Laurence Hardie - CE,lhardie@example.com,admin,True,,Tier 1 Support - CE,plan_bronze,,nostrumaliasdolores,[],Seth Means Org
10778623727,360501915827,Visitor 85725979,,end-user,True,,,plan_silver,,natusveritatisquod,[],Merrymaking2
10838814768,360501965327,Visitor 85725979,,end-user,True,,,plan_silver,,cumquecumab,[],Sunburst Garden Management
10838812608,360526188007,Visitor 64846162,,end-user,True,,,plan_bronze,,architectoevenietrepellendus,[],Express Merchant Service
10778615207,360533074907,Visitor 72934791,,end-user,True,,,plan_silver,,illoexplicabosunt,[],Waccamaw Pottery
10789922867,360551849568,Visitor 80224582,,end-user,True,,,plan_silver,,numquamodittemporibus,[],VIP Customers
2208998838,360556141168,Visitor 17565537,,end-user,True,,,plan_silver,,fugasaepemollitia,[],"United Oil & Gas, UK"
6894522008,360621820448,Sam Smitty,sam@example.com,end-user,True,,,plan_silver,,repellatdoloremqueaspernatur,[],Bob's super ford
3535325388,360682876568,65092144444,,end-user,True,,,plan_bronze,,suntcupiditatererum,[],1077207-Moneygram International
10838802148,360880643887,Benoit Duval,bduval@example.com,end-user,True,,,plan_silver,,mollitiasimiliquerepudiandae,[],Ardan's
10778635907,360898110347,Jane Smith,jane@example.com,end-user,True,,,plan_silver,,ullampossimuserror,[],National Hardgoods Distributors
10838812488,360898110347,Jane Smith,jane@example.com,end-user,True,,,plan_silver,,ullampossimuserror,[],Laura Ashley
10838814868,360930727768,Leister,leister@example.com,end-user,True,,,plan_bronze,,hiccupiditatelibero,[],Hudson's MensWear
10838839528,360962159208,+1 (707) 553-3856,,end-user,True,,,plan_bronze,,dolorumfugiatsed,[],Matrix Architectural Service
10838816928,360982403148,Liz Roth,lrothrauff@example.com,end-user,True,,,plan_silver,,laudantiumvoluptatumvero,[],Turtle's Records & Tapes
10778611187,361036107807,Caller +1 (608) 628-4363,,end-user,True,,,plan_silver,,quamdoloremdistinctio,[],Suncoast Video
360039599413,361082424907,Qwerty,qwerty@example.com,end-user,True,,,plan_silver,,laboriosamanimiad,[],Speedy org
10787647727,361087533008,Cookie Monster,coooooookkkkkkiiiiiie@example.com,end-user,True,,,plan_gold,,reiciendisidveritatis,[],Joe SR Private Org
10516372027,361087533008,Cookie Monster,coooooookkkkkkiiiiiie@example.com,end-user,True,,,plan_gold,,reiciendisidveritatis,[],Mr Fireworks
10778642107,361087533008,Cookie Monster,coooooookkkkkkiiiiiie@example.com,end-user,True,,,plan_gold,,reiciendisidveritatis,[],Knox Lumber
10838810308,361108719247,Visitor 17886942,,end-user,True,,,plan_gold,,doloribuscumqueillum,[],MVP Sports
2208998918,361109332388,Visitor 81100780,,end-user,True,,,plan_bronze,,adipisciearumnesciunt,[],University of Arizona
10778619547,361110324367,Visitor 86431441,,end-user,True,,,plan_gold,,placeatdelenitialiquam,[],Sistemos
7660612287,361113648427,Visitor 9729838,,end-user,True,,,plan_bronze,,liberomolestiassunt,[],_SR_ Tom Tribble - 987654
10838839528,361119201707,Tom Cruise,test@example.com,end-user,True,,,plan_silver,,quisquamdolorempraesentium,[],Matrix Architectural Service
20287205107,361119201707,Tom Cruise,test@example.com,end-user,True,,,plan_silver,,quisquamdolorempraesentium,[],International Widgets
15622168627,361119201707,Tom Cruise,test@example.com,end-user,True,,,plan_silver,,quisquamdolorempraesentium,[],This name is not unique
10778654527,361253415068,Caller +1 (310) 897-9537,,end-user,True,,,plan_bronze,,magnamaccusantiumsunt,[],Gold Medal
10778623727,361316532347,Caller +353 87 352 5778,,end-user,True,,,plan_silver,,earumoditeius,[],Merrymaking2
10838812488,361384951128,Visitor 92968055,,end-user,True,,,plan_bronze,,eosfugittempore,[],Laura Ashley
15976972608,361396177647,Text user: +61429565663,,end-user,True,,,plan_gold,,liberoutcum,[],"1,000 Bulbs"
10778654467,361421586847,Visitor 56053843,,end-user,True,,,plan_silver,,quasicorporisvoluptas,[],Red Food
2208998878,361455267568,Customer Name,customer.email@example.com,end-user,True,,,plan_gold,,ametprovidentnihil,[],Pyramid Construction Inc.
10838833168,361456033808,George,meganrbrowning@example.com,end-user,True,,,plan_bronze,,teneturmodidolore,[],Gamma Grays
2371912888,361456033808,George,meganrbrowning@example.com,end-user,True,,,plan_bronze,,teneturmodidolore,[],The New Org
2371912888,361551068128,Henry Block,henry.block@example.com,end-user,True,,,plan_silver,,totamminimaautem,['plan_gold'],The New Org
2208998938,361551068128,Henry Block,henry.block@example.com,end-user,True,,,plan_silver,,totamminimaautem,['plan_gold'],sForce
10778648407,361551068128,Henry Block,henry.block@example.com,end-user,True,,,plan_silver,,totamminimaautem,['plan_gold'],Avant Garde Interior Designs
10838800148,361610886187,Tom Smith,tsmith@example.com,end-user,True,,,plan_bronze,,quoddoloribussapiente,[],"Deco Refreshments, Inc."
10778617367,361684745568,Visitor 51823672,,end-user,True,,,plan_gold,,remdoloremvoluptas,[],House Of Denmark
10838814768,361699492987,Visitor 80254017,,end-user,True,,,plan_bronze,,atquedoloresfugiat,[],Sunburst Garden Management
10787647727,361726563747,Bob Smith,bsmith@example.com,end-user,True,,,plan_silver,,dolorumnesciuntcumque,[],Joe SR Private Org
10838814808,361734305508,Silvia Mueller,silvia.mueller@example.com,end-user,True,,,plan_gold,,accusantiumveroofficia,[],Country Club Markets
10838798148,361734489408,Leo Steim,leo.steim@example.com,end-user,True,,,plan_bronze,,possimusodioipsum,[],Eisner Food Stores
10838810348,361743721748,Fabian Flor,flortech@example.com,end-user,True,,,plan_silver,,fugitdolorblanditiis,[],Bugle Boy
10838839528,361794026628,Mark Smith,msmith@example.com,end-user,True,,,plan_gold,,facilisnequedistinctio,[],Matrix Architectural Service
2208998888,362018813028,Visitor 11789822,bsmith@example.com,end-user,True,,,plan_bronze,,distinctioquaeeum,[],Dickenson plc
10838835388,362020789508,Visitor 89800926,,end-user,True,,,plan_gold,,adtotamexcepturi,[],Monk Home Funding Services
2208998918,362040259707,Visitor 89800926,,end-user,True,,,plan_silver,,quasexpeditavero,[],University of Arizona
10838839528,362041300548,Visitor 85313381,,end-user,True,,,plan_silver,,voluptateoditnesciunt,[],Matrix Architectural Service
10838812408,362067941067,Visitor 55191318,,end-user,True,,,plan_gold,,delenitibeataequibusdam,[],HomeBase
10778642047,362069661227,Visitor 52158329,,end-user,True,,,plan_bronze,,delectusaccusantiumcorporis,[],Kleinhans
10778644267,362088417607,Caller +1 (415) 653-0291,,end-user,True,,,plan_gold,,accusamusaquis,[],Asian Fusion
10838814908,362149319487,Caller +1 (415) 449-7593,none@example.com,end-user,True,,,plan_bronze,,accusantiumveniamquas,[],Bodega Club
10838839568,362203959067,René F. Lisi,rene.lisi@example.com,end-user,True,,,plan_gold,,modiodioautem,[],Clemens Markets
10838814868,362310954848,Sara Gholampour - CE,sgholampour@example.com,admin,True,,Product Support - CE,plan_silver,,earumaccusantiuma,[],Hudson's MensWear
10838810308,362325794428,Andy J,ajones@example.com,end-user,True,,,plan_gold,,ineumdelectus,[],MVP Sports
10778617367,362344331208,Mary Poeplinghaus,poeplinghaus@example.com,end-user,True,,,plan_gold,,rationedeseruntenim,[],House Of Denmark
10778615267,362360769047,Visitor 71862868,,end-user,True,,,plan_bronze,,solutalaboreearum,[],Merrymaking
1803986017,362360789247,Visitor 74360839,,end-user,True,,,plan_gold,,totamnostrumvoluptas,[],40 Proof
10838810348,362543207207,Stephanie Pellegrino - CE,spellegrino@example.com,admin,True,,Product Support - CE,plan_bronze,,pariaturenimet,[],Bugle Boy
10838812648,362720857788,Visitor 90093682,,end-user,True,,,plan_silver,,quirecusandaequas,[],Helios Air
10838810388,362720857788,Visitor 90093682,,end-user,True,,,plan_silver,,quirecusandaequas,[],Sew-Fro Fabrics
10789922867,362720857788,Visitor 90093682,,end-user,True,,,plan_silver,,quirecusandaequas,[],VIP Customers
10838829148,362794308708,Robert Smith,bsmith1@example.com,end-user,True,,,plan_silver,,nequeliberovoluptas,[],Mighty Casey's
7660595647,362880696488,Visitor 96208453,,end-user,True,,,plan_silver,,expeditaquasiste,[],IOU Money
10778642187,362924583467,Visitor 66678920,,end-user,True,,,plan_silver,,earumexercitationemfugiat,[],Country Club Markets2
15976972628,362925284907,Visitor 33560748,,end-user,True,,,plan_bronze,,errorundedignissimos,[],1-800-Flowers.Com Inc
10838818988,362928964707,Visitor 51955624,,end-user,True,,,plan_gold,,repudiandaeexrepellendus,[],Builders Emporium
10838795988,363065237467,Austin Example,austin@example.com,end-user,True,,,plan_bronze,,impeditillumlaudantium,[],Food Giant
15976972688,363065237467,Austin Example,austin@example.com,end-user,True,,,plan_bronze,,impeditillumlaudantium,[],Education 360
2208998938,363065237467,Austin Example,austin@example.com,end-user,True,,,plan_bronze,,impeditillumlaudantium,[],sForce
15976972648,363067053667,Jim Carrey,j@example.com,end-user,True,,,plan_bronze,,optiovelitalias,[],1-Stop Connections
10778642187,363067108127,Visitor 45740320,,end-user,True,,,plan_silver,,aliasdolorenesciunt,[],Country Club Markets2
2208998828,363067545647,Visitor 68618381,,end-user,True,,,plan_gold,,voluptatibusesseet,[],GenePoint
15976972748,363094031307,James Smith,jsmith@example.com,end-user,True,,,plan_gold,,illumfugiatnumquam,[],757 Creative Space
10838810348,363283306088,Clark Kent,superzenclark@example.com,end-user,True,"Here are some notes about Clark

8/9/18 - More notes",,plan_silver,,earumquibusdamvel,['plan_silver'],Bugle Boy
10838835488,363287515008,Visitor 23124403,,end-user,True,,,plan_bronze,,quoeosmollitia,[],Mr. Steak
360010440174,363288561088,Visitor 23124403,,end-user,True,,,plan_silver,,repellatrepellatrecusandae,[],8254111111111
10838814808,363288561088,Visitor 23124403,,end-user,True,,,plan_silver,,repellatrepellatrecusandae,[],Country Club Markets
15976972648,363288561088,Visitor 23124403,,end-user,True,,,plan_silver,,repellatrepellatrecusandae,[],1-Stop Connections
10838812668,363301254308,Visitor 2178359,,end-user,True,,,plan_silver,,quosamaiores,[],Red Bears Tavern
10778619687,363325705808,Visitor 20722305,,end-user,True,,,plan_bronze,,etdebitisprovident,[],Singer Lumber
10838798148,363325741368,Visitor 59350619,,end-user,True,,,plan_gold,,quodvoluptatumquisquam,[],Eisner Food Stores
10778642187,363342210167,Visitor 23124403,,end-user,True,,,plan_silver,,aliquamquaenam,[],Country Club Markets2
10838839548,363342971487,Laurence Hardie,,end-user,True,,,plan_gold,,architectovoluptatemnam,[],Lionel Playworld
10838812648,363345880807,INTERNAL Aza,,end-user,True,,,plan_gold,,ametcumsit,['vip'],Helios Air
10838802148,363353878687,Visitor 37642204,,end-user,True,,,plan_silver,,voluptatumcorporisadipisci,[],Ardan's
10779027607,363354985027,Visitor 54490895,,end-user,True,,,plan_silver,,minusreprehenderitunde,[],Allied Agent Office
10838831148,363358127827,Visitor 54490895,,end-user,True,,,plan_bronze,,evenietexcepturiporro,[],Life Map
2208998828,363384491427,Visitor 80562267,,end-user,True,,,plan_gold,,eaquealiquammagni,[],GenePoint
10838839528,363556362507,Visitor 70192527,,end-user,True,,,plan_gold,,velitaiusto,[],Matrix Architectural Service
10778623727,363556362507,Visitor 70192527,,end-user,True,,,plan_gold,,velitaiusto,[],Merrymaking2
15976972668,363556362507,Visitor 70192527,,end-user,True,,,plan_gold,,velitaiusto,[],2U
10778623727,363556748947,Visitor 29751713,,end-user,True,,,plan_silver,,doloruminventoremolestias,[],Merrymaking2
10778611187,363584568008,John Cruz,jcruise@example.com,end-user,True,,,plan_gold,,eiussolutaquidem,['plan_gold'],Suncoast Video
10838839548,363655322748,Visitor 90758725,,end-user,True,,,plan_bronze,,culpaarchitectoipsa,[],Lionel Playworld
10778619527,363655322748,Visitor 90758725,,end-user,True,,,plan_bronze,,culpaarchitectoipsa,[],Farrell's Ice Cream Parlour
2371912888,363655322748,Visitor 90758725,,end-user,True,,,plan_bronze,,culpaarchitectoipsa,[],The New Org
10838837488,363675387508,Visitor 28141507,,end-user,True,,,plan_silver,,quisaspernaturquas,[],Dun Rite Lawn Care
10778617287,363675387508,Visitor 28141507,,end-user,True,,,plan_silver,,quisaspernaturquas,[],Crazy Tiger
15976972708,363676859147,Amanda Parker,amandaparker818@example.com,end-user,True,,,plan_silver,,temporibusadest,[],360 Incentives
15622168627,363732591767,Visitor 28141507,,end-user,True,,,plan_silver,,assumendasaepecumque,[],This name is not unique
10778642167,363771310287,Visitor 1524816810,,end-user,True,,,plan_silver,,pariaturdolorumiste,[],Monk House Sales
10778642187,363771310287,Visitor 1524816810,,end-user,True,,,plan_silver,,pariaturdolorumiste,[],Country Club Markets2
10778654507,363771310287,Visitor 1524816810,,end-user,True,,,plan_silver,,pariaturdolorumiste,[],Steve's Ice Cream
10838829148,363808003628,Visitor 3070227,,end-user,True,,,plan_gold,,aliquidsapientealiquid,[],Mighty Casey's
15976972608,363897240227,Della Kartessan - CE,dellakartessan@example.com,end-user,True,Aza's 'End User',,plan_silver,1234567.0,autemeosillum,['plan_gold'],"1,000 Bulbs"
10838812448,363897240227,Della Kartessan - CE,dellakartessan@example.com,end-user,True,Aza's 'End User',,plan_silver,1234567.0,autemeosillum,['plan_gold'],The Pink Pig Tavern
2208998898,363897240227,Della Kartessan - CE,dellakartessan@example.com,end-user,True,Aza's 'End User',,plan_silver,1234567.0,autemeosillum,['plan_gold'],Grand Hotels & Resorts Ltd
10778654527,363930160187,Visitor 75987045,,end-user,True,,,plan_silver,,impeditfacilisaliquam,[],Gold Medal
2208998928,364036611588,Thomas Paul,tpaul@example.com,end-user,True,,,plan_bronze,,reprehenderitdolorest,[],United Oil & Gas Corp.
15976972668,364233283408,Megan,z3ntest@example.com,end-user,True,,,plan_silver,,fugaadofficia,[],2U
10838812408,364274605628,Text user: +61419351670,,end-user,True,,,plan_gold,,sintvitaedolor,[],HomeBase
10838812528,364274605628,Text user: +61419351670,,end-user,True,,,plan_gold,,sintvitaedolor,[],Food Mart
10778617287,364293635167,Text user: +61432370089,,end-user,True,,,plan_silver,,iustodebitisdolore,[],Crazy Tiger
15976972808,364300745747,Trash End USer,trash@example.com,end-user,True,,,plan_silver,,molestiasvoluptatemid,[],ABA English
10778650407,364405301208,Anyemailhere,anyemailhere@example.com,end-user,True,,,plan_bronze,,laborearchitectosunt,[],Circuit City
3535325388,364405301208,Anyemailhere,anyemailhere@example.com,end-user,True,,,plan_bronze,,laborearchitectosunt,[],1077207-Moneygram International
2208998938,364430214354,Nicole Foxworth,nfoxworth@example.com,end-user,True,,,plan_bronze,,abminimaillo,[],sForce
10838808268,364461406927,Caller +44 20 8068 5829,,end-user,True,,,plan_bronze,,quoscumqueitaque,[],Herman's World of Sporting Goods
10838833248,364468316934,Maggie McGinnis,mmcginnis@example.com,end-user,True,,,plan_bronze,,distinctionihiltotam,[],Hamady Bros. Supermarkets
2208998908,364484381654,Visitor 65932330,,end-user,True,,,plan_silver,,impeditearummolestiae,[],Express Logistics and Transport
10778615207,364514220648,Visitor 81779164,,end-user,True,,,plan_bronze,,ametindeserunt,[],Waccamaw Pottery
10838816968,364530065227,Danica Beaniza - CE,dbeaniza@example.com,admin,True,,Product Support - CE,plan_bronze,,reiciendismollitiamaiores,[],Avant Garde Appraisal
15976972648,364530065227,Danica Beaniza - CE,dbeaniza@example.com,admin,True,,Product Support - CE,plan_bronze,,reiciendismollitiamaiores,[],1-Stop Connections
15976972808,364533647448,Visitor 77710488,,end-user,True,,,plan_silver,,noncumadipisci,[],ABA English
15976972788,364533992748,Visitor 77710488,,end-user,True,,,plan_bronze,,aspernaturnihilipsam,[],A10 Capital
15976972748,364538099913,Visitor 30098570,,end-user,True,,,plan_gold,,animiaccusamusquibusdam,[],757 Creative Space
15976972828,364538099913,Visitor 30098570,,end-user,True,,,plan_gold,,animiaccusamusquibusdam,[],abbeal
10838814768,364538099913,Visitor 30098570,,end-user,True,,,plan_gold,,animiaccusamusquibusdam,[],Sunburst Garden Management
10838980228,364541923814,Fashion Fan,,end-user,True,,,plan_bronze,,nullaquaevoluptas,[],Seth Means Org
10789859667,364541923814,Fashion Fan,,end-user,True,,,plan_bronze,,nullaquaevoluptas,[],Test 815510052462391
3535315768,364548966354,Visitor 60587126,,end-user,True,,,plan_gold,,omnislaudantiumquas,[],Rackspace Corporate
10838812668,364548966354,Visitor 60587126,,end-user,True,,,plan_gold,,omnislaudantiumquas,[],Red Bears Tavern
15976972668,364586996908,Mark Banuelos,,end-user,True,,,plan_gold,,pariaturesseeum,[],2U
2208998858,364600018527,Visitor 38482122,,end-user,True,,,plan_bronze,,solutaadipiscioptio,[],Edge Communications
10838812488,364604541367,Visitor 77710488,,end-user,True,,,plan_gold,,recusandaenihilsoluta,[],Laura Ashley
10516372027,364636705273,Visitor 8901240,,end-user,True,,,plan_gold,,quasexpeditalaborum,[],Mr Fireworks
10838798068,364650613648,Visitor 19811473,,end-user,True,,,plan_gold,,temporibussolutaprovident,[],Wellby
10778646307,364652154174,Visitor 62704675,,end-user,True,,,plan_gold,,odionatusnesciunt,[],Grey Fade
10778654507,364652472274,Visitor 64817955,,end-user,True,,,plan_bronze,,eosesttempore,[],Steve's Ice Cream
2208998898,364652472274,Visitor 64817955,,end-user,True,,,plan_bronze,,eosesttempore,[],Grand Hotels & Resorts Ltd
10838839528,364656134567,Tim,tim@example.com,end-user,True,,,plan_bronze,,laboriosamlaborumrepudiandae,[],Matrix Architectural Service
6894522008,364664239174,Visitor 16879696,,end-user,True,,,plan_bronze,,illosunttempora,[],Bob's super ford
360039599413,364757818588,Visitor 50013801,,end-user,True,,,plan_gold,,consecteturofficiisitaque,[],Speedy org
2208998878,364773286793,Visitor 9425483,,end-user,True,,,plan_silver,,maximeadvoluptatum,[],Pyramid Construction Inc.
10838812608,364773286793,Visitor 9425483,,end-user,True,,,plan_silver,,maximeadvoluptatum,[],Express Merchant Service
10778619527,364773286793,Visitor 9425483,,end-user,True,,,plan_silver,,maximeadvoluptatum,[],Farrell's Ice Cream Parlour
10838795988,364773976133,Jackie,jready@example.com,end-user,True,,,plan_bronze,,natusvelnemo,[],Food Giant
10838835388,364773976133,Jackie,jready@example.com,end-user,True,,,plan_bronze,,natusvelnemo,[],Monk Home Funding Services
10778611187,364774205173,Visitor 33536861,,end-user,True,,,plan_gold,,aillodebitis,[],Suncoast Video
10838818988,364781397233,Visitor 11296330,,end-user,True,,,plan_gold,,assumendasuntcum,[],Builders Emporium
10838814868,364781397233,Visitor 11296330,,end-user,True,,,plan_gold,,assumendasuntcum,[],Hudson's MensWear
10778615267,364781397233,Visitor 11296330,,end-user,True,,,plan_gold,,assumendasuntcum,[],Merrymaking
10778640027,364781893213,Visitor 36380365,,end-user,True,,,plan_silver,,magnamnonimpedit,[],Romp
10778615267,364788988574,Visitor 65067750,,end-user,True,,,plan_bronze,,delenitirecusandaeullam,[],Merrymaking
10778642047,364789078274,Visitor 66768566,,end-user,True,,,plan_silver,,natusexplicaboaliquid,[],Kleinhans
10838818988,364789574414,Evan Felker,evan.felker@example.com,end-user,True,,,plan_silver,,temporasuscipitnihil,[],Builders Emporium
10778619527,364797094714,Visitor 94290488,,end-user,True,,,plan_gold,,repellendussintplaceat,[],Farrell's Ice Cream Parlour
10778650407,364798686927,Ivan,ipreti@example.com,end-user,True,,,plan_silver,,aspernaturexercitationemipsam,[],Circuit City
20287205127,364798686927,Ivan,ipreti@example.com,end-user,True,,,plan_silver,,aspernaturexercitationemipsam,[],Beecher Supply
15976972788,364817530433,Visitor 30092060,,end-user,True,,,plan_bronze,,inporrodolores,[],A10 Capital
2208998908,364821093968,Caller +353 83 163 4311,,end-user,True,,,plan_gold,,iustoullamipsam,[],Express Logistics and Transport
2371912888,364827167007,Noreply,noreply@example.com,end-user,True,,,plan_gold,,quibusdamexercitationemfugit,[],The New Org
15976972608,364828750188,Visitor 13225194,,end-user,True,,,plan_silver,,quameiusnostrum,[],"1,000 Bulbs"
10778642047,364829669408,Visitor 36464076,,end-user,True,,,plan_silver,,abdebitiseum,[],Kleinhans
2208998938,364829669408,Visitor 36464076,,end-user,True,,,plan_silver,,abdebitiseum,[],sForce
10778654527,364829669408,Visitor 36464076,,end-user,True,,,plan_silver,,abdebitiseum,[],Gold Medal
360041750613,364846881787,Coupons.com,reply@example.com,end-user,True,,,plan_silver,,earumrepellatperferendis,[],123456789
10789859667,364850628087,Kelly Star,kelly@example.com,end-user,True,,,plan_silver,,molestiaevitaequia,"['plan_gold', 'vip']",Test 815510052462391
10778619527,364862898133,Caller +353 1 691 7262,,end-user,True,,,plan_bronze,,ipsamrepellendusminus,[],Farrell's Ice Cream Parlour
10778656607,364868412548,Visitor 72297896,,end-user,True,,,plan_bronze,,natusodiomaxime,[],Opticomp
10778623727,364868412548,Visitor 72297896,,end-user,True,,,plan_bronze,,natusodiomaxime,[],Merrymaking2
15976972688,364868412548,Visitor 72297896,,end-user,True,,,plan_bronze,,natusodiomaxime,[],Education 360
10778656647,364874223787,Peetnik Rewards,customerservice@example.com,end-user,True,,,plan_bronze,,eumvoluptatumexpedita,[],Home Quarters Warehouse
2208998888,364888532467,Visitor 13225194,,end-user,True,,,plan_gold,,earumiustoaut,[],Dickenson plc
10838835488,364888532467,Visitor 13225194,,end-user,True,,,plan_gold,,earumiustoaut,[],Mr. Steak
10838814688,364888561687,Visitor 13225194,,end-user,True,,,plan_silver,,debitispraesentiumcupiditate,[],Blockbuster Music
10838798148,364888670367,Visitor 46442722,,end-user,True,,,plan_bronze,,officiaquidemdolorum,[],Eisner Food Stores
10778650407,364888670367,Visitor 46442722,,end-user,True,,,plan_bronze,,officiaquidemdolorum,[],Circuit City
10789859667,364888670367,Visitor 46442722,,end-user,True,,,plan_bronze,,officiaquidemdolorum,[],Test 815510052462391
2208998918,364889576487,Visitor 23887137,,end-user,True,,,plan_silver,,officiisvoluptatesnulla,[],University of Arizona
1718055597,364892011948,Juan Cruz,juan@example.com,end-user,True,,,plan_silver,,voluptateseiusasperiores,[],z3n Rye
10778619547,364892011948,Juan Cruz,juan@example.com,end-user,True,,,plan_silver,,voluptateseiusasperiores,[],Sistemos
360041750613,364892011948,Juan Cruz,juan@example.com,end-user,True,,,plan_silver,,voluptateseiusasperiores,[],123456789
10778619527,364921952413,Roberto Aiello,,end-user,True,,,plan_bronze,,necessitatibussintiusto,[],Farrell's Ice Cream Parlour
360039599453,364923561847,Visitor 72297896,,end-user,True,,,plan_silver,,delenitivitaenisi,[],fast org
2208998858,364923790107,Visitor 72297896,,end-user,True,,,plan_gold,,veldoloribusquos,[],Edge Communications
10838814808,364923790107,Visitor 72297896,,end-user,True,,,plan_gold,,veldoloribusquos,[],Country Club Markets
10778619687,364923790107,Visitor 72297896,,end-user,True,,,plan_gold,,veldoloribusquos,[],Singer Lumber
10838903188,364935899853,Visitor 1534128820,,end-user,True,,,plan_bronze,,ullamrecusandaedelectus,[],Sally SR Org
10778637947,364935984093,Visitor 15475841,,end-user,True,,,plan_bronze,,aliquiddoloremqueneque,[],Erol's
2208998838,364946339294,Caller +61 478 367 754,,end-user,True,,,plan_gold,,voluptatequosincidunt,[],"United Oil & Gas, UK"
10778654467,364948283894,Visitor 1534133467,,end-user,True,,,plan_bronze,,voluptatibusautrepellat,[],Red Food
10778623727,364958213073,George,george@example.com,end-user,True,,,plan_silver,,totamrecusandaemagnam,[],Merrymaking2
7660612287,364964357887,Text user: +6598372254,,end-user,True,,,plan_gold,,voluptasadipiscisuscipit,[],_SR_ Tom Tribble - 987654
10838839568,364964840094,Jane,jane@example.com,end-user,True,,,plan_gold,,cupiditatequasiunde,[],Clemens Markets
2208998868,364965030394,Visitor 93151541,,end-user,True,,,plan_gold,,eligendiitaqueeius,[],Burlington Textiles Corp of America
10838812568,364965030394,Visitor 93151541,,end-user,True,,,plan_gold,,eligendiitaqueeius,[],Mervyn's
6983191847,364965030394,Visitor 93151541,,end-user,True,,,plan_gold,,eligendiitaqueeius,[],External ID Org
1718055597,364986541128,Hubert Miller,hubert@example.com,end-user,True,,,plan_silver,,corruptiveniamreprehenderit,['plan_gold'],z3n Rye
10838814868,365000650947,Kelly Star,star@example.com,end-user,True,,,plan_silver,,sequirecusandaealiquid,[],Hudson's MensWear
15976972828,365000650947,Kelly Star,star@example.com,end-user,True,,,plan_silver,,sequirecusandaealiquid,[],abbeal
10778642187,365000650947,Kelly Star,star@example.com,end-user,True,,,plan_silver,,sequirecusandaealiquid,[],Country Club Markets2
10838812608,365032959174,Bonnie Leib,bleib@example.com,end-user,True,,,plan_silver,,nullavoluptasculpa,[],Express Merchant Service
10838798068,365035862267,Mary,mary@example.com,end-user,True,,,plan_silver,,adevenietmaiores,[],Wellby
1803986017,365045556887,Visitor 80348219,,end-user,True,,,plan_silver,,asperioresdoloremqueblanditiis,[],40 Proof
10778642187,365046905013,megan,me@example.com,end-user,True,,,plan_silver,,earumquodincidunt,[],Country Club Markets2
15976972668,365051506748,Testing User,,end-user,True,,,plan_silver,,inciduntmolestiaecum,[],2U
360039599413,365052283727,Hubert Müller,mueller@example.com,end-user,True,,,plan_gold,,istevelitnostrum,[],Speedy org
10838903188,365054326828,Jane Dough - CE,janedoughthefoodie@example.com,end-user,True,,,plan_gold,,nequebeataeexercitationem,"['resigned', 'plan_gold']",Sally SR Org
10838835388,365064220774,Laurence Hardie,laurence.hardie@example.com,end-user,True,,,plan_silver,,pariaturfugittotam,[],Monk Home Funding Services
10838810388,365082968813,Ken Copeland - CE,kcopeland@example.com,admin,True,,Product Support - CE,plan_bronze,,temporaquaeneque,[],Sew-Fro Fabrics
2208998928,365107577087,Visitor 34397965,,end-user,True,,,plan_silver,,hicnihilsoluta,[],United Oil & Gas Corp.
10778646387,365107608747,Maury Povach,,end-user,True,,,plan_bronze,,quiaatdoloremque,[],Northern Reflections
15976972708,365107608747,Maury Povach,,end-user,True,,,plan_bronze,,quiaatdoloremque,[],360 Incentives
2208998918,365107608747,Maury Povach,,end-user,True,,,plan_bronze,,quiaatdoloremque,[],University of Arizona
1803986017,365108682747,Visitor 34397965,,end-user,True,,,plan_gold,,minusculpaanimi,[],40 Proof
15976972608,365108694327,Visitor 34397965,,end-user,True,,,plan_silver,,cupiditateerroraccusamus,[],"1,000 Bulbs"
10838903188,365111238567,Kale Chip - CE,kalechip@example.com,agent,True,,Product Support - CE,plan_gold,,dictatotamab,[],Sally SR Org
10838821028,365112045754,Joana Ferreira - CE,jferreira@example.com,admin,True,,Product Support - CE,plan_silver,,quistotameaque,[],Odyssey Records & Tapes
1803986017,365112045754,Joana Ferreira - CE,jferreira@example.com,admin,True,,Product Support - CE,plan_silver,,quistotameaque,[],40 Proof
10778635907,365169898654,Sally,sally@example.com,end-user,True,,,plan_gold,,eiusquamfuga,[],National Hardgoods Distributors
15976972668,365169898654,Sally,sally@example.com,end-user,True,,,plan_gold,,eiusquamfuga,[],2U
10838808228,365169898654,Sally,sally@example.com,end-user,True,,,plan_gold,,eiusquamfuga,[],Wealthy Ideas
2371912888,365198160868,Alice,alice@example.com,end-user,True,,,plan_gold,,nihilcommodiaccusantium,[],The New Org
10838835388,365198237628,Alice,alice@example.com,end-user,True,,,plan_silver,,ipsumasperioresfugiat,[],Monk Home Funding Services
10838808228,365198237628,Alice,alice@example.com,end-user,True,,,plan_silver,,ipsumasperioresfugiat,[],Wealthy Ideas
360039599413,365198237628,Alice,alice@example.com,end-user,True,,,plan_silver,,ipsumasperioresfugiat,[],Speedy org
10778652467,365202952148,George Miller,george@example.com,end-user,True,,,plan_bronze,,quisvoluptatesrecusandae,[],Pro-Care Garden Maintenance
10778623727,365208718108,John Smythe,john-smythe@example.com,end-user,True,,,plan_silver,,providentliberosequi,[],Merrymaking2
10838798068,365213529667,Laurence,laurence@example.com,end-user,True,,,plan_bronze,,abaexpedita,[],Wellby
10838837488,365226352533,John Example,john@example.com,agent,True,,Product Support - CE,plan_silver,,minusatenetur,[],Dun Rite Lawn Care
1718055597,365233250174,Tom Smith,tom@example.com,agent,True,,Product Support - CE,plan_gold,,quodullameveniet,[],z3n Rye
10838810308,365259594088,Sara Gholampour,saragholampour@example.com,agent,True,,Product Support - CE,plan_silver,,sintmodiexplicabo,[],MVP Sports
10778619527,365259594088,Sara Gholampour,saragholampour@example.com,agent,True,,Product Support - CE,plan_silver,,sintmodiexplicabo,[],Farrell's Ice Cream Parlour
10838835488,365259594088,Sara Gholampour,saragholampour@example.com,agent,True,,Product Support - CE,plan_silver,,sintmodiexplicabo,[],Mr. Steak
10778654527,365267598227,Cait Glass,c.glass@example.com,end-user,True,,,plan_bronze,,inventorerepellatdeserunt,"['east', 'vip']",Gold Medal
10838821028,365312880294,Insoo Young,insyng135080@example.com,end-user,True,,,plan_bronze,,maximeevenietvoluptatem,"['vip_user', 'plan_gold']",Odyssey Records & Tapes
2208998868,365320495234,Visitor 49508977,,end-user,True,,,plan_silver,,voluptatesautemmolestias,[],Burlington Textiles Corp of America
10838903188,365320523174,Visitor 49508977,,end-user,True,,,plan_bronze,,hicveritatiseveniet,[],Sally SR Org
10838798148,365320523174,Visitor 49508977,,end-user,True,,,plan_bronze,,hicveritatiseveniet,[],Eisner Food Stores
360039599453,365320550614,Visitor 37980980,,end-user,True,,,plan_bronze,,aperiamnullaaperiam,[],fast org
10838818988,365327056327,Mary Miller,demo.enduser1@example.com,end-user,True,,,plan_bronze,,praesentiumnammagni,['plan_gold'],Builders Emporium
10778642107,365348070827,Visitor 47731621,,end-user,True,,,plan_gold,,quasperferendisperferendis,[],Knox Lumber
10778611187,365405591408,Visitor 45821848,,end-user,True,,,plan_bronze,,accusantiumnatusinventore,[],Suncoast Video
6983191847,365405591408,Visitor 45821848,,end-user,True,,,plan_bronze,,accusantiumnatusinventore,[],External ID Org
10778617367,365405757848,Visitor 67246172,,end-user,True,,,plan_gold,,ullamimpeditsed,[],House Of Denmark
2371912888,365417791147,Caller +1 (656) 817-5970,,end-user,True,,,plan_bronze,,laudantiumcupiditateconsequatur,[],The New Org
10839371968,365427051673,Visitor 80479029,,end-user,True,,,plan_gold,,veroquaerattotam,[],Barbara Todd Org
2208998828,365427051673,Visitor 80479029,,end-user,True,,,plan_gold,,veroquaerattotam,[],GenePoint
10778619687,365427051673,Visitor 80479029,,end-user,True,,,plan_gold,,veroquaerattotam,[],Singer Lumber
10838839568,365428028273,Visitor 80479029,,end-user,True,,,plan_bronze,,officiafacilisipsum,[],Clemens Markets
10838810388,365436851934,Visitor 37980980,,end-user,True,,,plan_bronze,,temporalaboriosamab,[],Sew-Fro Fabrics
2208998928,365464026934,Juan Smith,j@example.com,end-user,True,,,plan_gold,,omnisnihilea,[],United Oil & Gas Corp.
7660612287,365473299933,Susie Williams,wsusie611@example.com,end-user,True,,,plan_bronze,,beataerepellendusquibusdam,[],_SR_ Tom Tribble - 987654
10778646307,365491397147,Visitor 51608988,,end-user,True,,,plan_bronze,,repellattenetureum,[],Grey Fade
10838833168,365504931667,aza says...,,end-user,True,,,plan_gold,,aliquidliberoab,[],Gamma Grays
10778646307,365518173613,Ruth Cockshott,rcockshott@example.com,end-user,True,,,plan_gold,,atimpeditdolorum,[],Grey Fade
10838839548,365530810448,Visitor 91877377,,end-user,True,,,plan_bronze,,assumendaofficiatenetur,[],Lionel Playworld
10778650407,365536006887,Fake Customer,fakecustomer123@example.com,end-user,True,,,plan_gold,,voluptasquaerattempora,[],Circuit City
7660612287,365565223748,Wallace Example,wallace@example.com,end-user,True,,,plan_silver,,ducimusreiciendisdicta,[],_SR_ Tom Tribble - 987654
10778654467,365575922827,Visitor 91877377,,end-user,True,,,plan_bronze,,impeditnequeporro,[],Red Food
2208998938,365575922827,Visitor 91877377,,end-user,True,,,plan_bronze,,impeditnequeporro,[],sForce
10838806168,365575922827,Visitor 91877377,,end-user,True,,,plan_bronze,,impeditnequeporro,[],Spaceage Stereo
10838823068,365593674528,Wallace Wears,wallacew2003@example.com,agent,True,,Product Support - CE,plan_bronze,,rerumnisiratione,[],Ole's
10789859667,365593674528,Wallace Wears,wallacew2003@example.com,agent,True,,Product Support - CE,plan_bronze,,rerumnisiratione,[],Test 815510052462391
7660595647,365632526467,Visitor 47300528,,end-user,True,,,plan_bronze,,placeatsuscipitnulla,[],IOU Money
10778654467,365799150553,Laura Adams - CE,ladams@example.com,admin,True,,Product Support - CE,plan_gold,998877.0,eiusaccusantiumnemo,"['emea', 'eatwell_employee']",Red Food
10778635907,365799174693,Ferdi Joannis,fjoannis@example.com,admin,True,,Product Support - CE,plan_gold,,doloreliberoinventore,[],National Hardgoods Distributors
2208998838,365799174693,Ferdi Joannis,fjoannis@example.com,admin,True,,Product Support - CE,plan_gold,,doloreliberoinventore,[],"United Oil & Gas, UK"
10778654527,365799174693,Ferdi Joannis,fjoannis@example.com,admin,True,,Product Support - CE,plan_gold,,doloreliberoinventore,[],Gold Medal
10838795988,365885401633,Visitor 62157506,jcruise@example.com,end-user,True,,,plan_bronze,,sedminimaab,[],Food Giant
15976972668,365894539674,Visitor 62157506,,end-user,True,,,plan_gold,,quidemreiciendisculpa,[],2U
10838839568,365894583934,Visitor 23270136,,end-user,True,,,plan_silver,,aeligendiest,[],Clemens Markets
15622168627,366003450933,Visitor 62157506,,end-user,True,,,plan_gold,,laudantiumenimamet,[],This name is not unique
10778619687,366006437014,Visitor 97813388,,end-user,True,,,plan_silver,,adexercitationemquo,[],Singer Lumber
15976972808,366006469294,Visitor 46214649,,end-user,True,,,plan_bronze,,ametveritatiseius,[],ABA English
10838808268,366006469294,Visitor 46214649,,end-user,True,,,plan_bronze,,ametveritatiseius,[],Herman's World of Sporting Goods
360039599453,366006469294,Visitor 46214649,,end-user,True,,,plan_bronze,,ametveritatiseius,[],fast org
10838833168,366033715794,Jeshadp,jeshadp@example.com,end-user,True,,,plan_gold,,similiquetotamsed,[],Gamma Grays
10838980228,366210470234,Visitor 41363249,,end-user,True,,,plan_silver,,beataeveniamquisquam,[],Seth Means Org
10838814768,366456498913,Chloe Customer - (Laura CE),chloecustomer88@example.com,end-user,True,,,plan_silver,,pariaturnonsit,[],Sunburst Garden Management
10838814908,366524525293,Paul Geraghty - CE,pgeraghty@example.com,admin,True,,Product Support - CE,plan_gold,,vitaecupiditatefuga,[],Bodega Club
10778642167,366524709294,Luke Hadley92,luke.hadley92@example.com,end-user,True,,,plan_gold,,possimusmaioresculpa,[],Monk House Sales
10778656707,366525277354,Jpalkhiwalla,jpalkhiwalla@example.com,end-user,True,,,plan_bronze,,dictadolorvoluptate,[],Sandy's
10778642187,366560684594,Matteoberin,matteoberin@example.com,end-user,True,,,plan_bronze,,velitsimiliqueenim,[],Country Club Markets2
10838839568,366560684594,Matteoberin,matteoberin@example.com,end-user,True,,,plan_bronze,,velitsimiliqueenim,[],Clemens Markets
10838806168,366560684594,Matteoberin,matteoberin@example.com,end-user,True,,,plan_bronze,,velitsimiliqueenim,[],Spaceage Stereo
10838812528,366759135634,Frank Murray,frankm3210@example.com,end-user,True,,,plan_silver,,reiciendislaboreperspiciatis,[],Food Mart
15976972648,366759135634,Frank Murray,frankm3210@example.com,end-user,True,,,plan_silver,,reiciendislaboreperspiciatis,[],1-Stop Connections
15976972828,366777525234,Malachi Briggs,mbriggs@example.com,end-user,True,,,plan_gold,,porropraesentiumcorrupti,[],abbeal
10838810348,366780768194,Sara Libra,sara.libra@example.com,agent,True,,Product Support - CE,plan_gold,,eumtotamquis,[],Bugle Boy
10778642047,366837168413,Sow Tang,sowtang@example.com,end-user,True,,,plan_silver,,molestiaedoloresminus,[],Kleinhans
2208998908,366852142153,Visitor 22509194,,end-user,True,,,plan_gold,,velplaceatquia,[],Express Logistics and Transport
10779027607,366852142153,Visitor 22509194,,end-user,True,,,plan_gold,,velplaceatquia,[],Allied Agent Office
10838829148,366853167253,Visitor 62184340,,end-user,True,,,plan_bronze,,veroeligendidolor,[],Mighty Casey's
10778642087,366853325093,Visitor 45596237,,end-user,True,,,plan_silver,,occaecatiaspernaturipsam,[],Purity
10778619687,366853334013,Visitor 62184340,,end-user,True,,,plan_gold,,natusasperioreseum,[],Singer Lumber
2208998868,366857466034,Dbee,dbee@example.com,end-user,True,,,plan_gold,,dignissimossequinihil,[],Burlington Textiles Corp of America
10838806168,366872298774,+1 (970) 819-5246,,end-user,True,,,plan_gold,,suscipitdelectuscupiditate,[],Spaceage Stereo
10778646327,366873030774,Visitor 64987340,,end-user,True,,,plan_bronze,,consecteturquaealiquid,[],Eisner Food Stores2
10838814768,366873044094,Visitor 45596237,,end-user,True,,,plan_gold,,temporeminimaeos,[],Sunburst Garden Management
2208998918,367241158053,Hello,hello@example.com,end-user,True,,,plan_silver,,doloresutquas,[],University of Arizona
10838837488,367353509333,Visitor 78113833,,end-user,True,,,plan_bronze,,quaemaximeillo,[],Dun Rite Lawn Care
360039599413,367356000273,Visitor 71345929,,end-user,True,,,plan_silver,,quiaarchitectoprovident,[],Speedy org
15976972648,367372321873,Amanda Editor,agamblin+1@example.com,agent,True,,Product Support - CE,plan_silver,,magnameligendipraesentium,['editor'],1-Stop Connections
10838810308,367385296334,Amanda Parker,agamblin+2@example.com,agent,True,,Product Support - CE,plan_gold,,quisquamnecessitatibusautem,[],MVP Sports
10838980228,367385296334,Amanda Parker,agamblin+2@example.com,agent,True,,Product Support - CE,plan_gold,,quisquamnecessitatibusautem,[],Seth Means Org
10778652467,367431100633,Diana,diana@example.com,end-user,True,,,plan_bronze,,laborevitaevero,[],Pro-Care Garden Maintenance
10779004187,367431790093,Smove Customer,smovecustomer@example.com,end-user,True,,,plan_gold,,atducimusquam,[],Joe SR Org
10838837488,367456096674,Visitor 16019904,,end-user,True,,,plan_bronze,,voluptatumeligendivitae,[],Dun Rite Lawn Care
15976972768,367490808594,Fabio Guarrasi,fguarrasi@example.com,end-user,True,,,plan_silver,,aspernaturutesse,[],8th Sphere
3535315768,367655689734,Visitor 6752713,,end-user,True,,,plan_silver,,cumquenequeveritatis,[],Rackspace Corporate
10787647727,367657688234,Visitor 6752713,,end-user,True,,,plan_bronze,,doloremabreiciendis,[],Joe SR Private Org
10778617367,367681979254,Ford Dealership L.A.,,end-user,True,Big fan of honey 🐝,,plan_gold,,possimusrepellateius,[],House Of Denmark
2208998868,367732614054,Visitor 89762738,,end-user,True,,,plan_bronze,,earumidexpedita,[],Burlington Textiles Corp of America
10838816968,367762899813,Visitor 53772329,,end-user,True,,,plan_bronze,,aspernaturipsamnon,[],Avant Garde Appraisal
15976972608,367762899813,Visitor 53772329,,end-user,True,,,plan_bronze,,aspernaturipsamnon,[],"1,000 Bulbs"
1803986017,367762899813,Visitor 53772329,,end-user,True,,,plan_bronze,,aspernaturipsamnon,[],40 Proof
10838802148,367763329633,Visitor 29123615,,end-user,True,,,plan_silver,,nostrumateius,[],Ardan's
2208998928,367763329633,Visitor 29123615,,end-user,True,,,plan_silver,,nostrumateius,[],United Oil & Gas Corp.
3535317298,367763329633,Visitor 29123615,,end-user,True,,,plan_silver,,nostrumateius,[],Rackspace Infrastructure
10778637947,367775633894,Visitor 33745935,,end-user,True,,,plan_silver,,commodiveniamvoluptates,[],Erol's
15976972628,367775633894,Visitor 33745935,,end-user,True,,,plan_silver,,commodiveniamvoluptates,[],1-800-Flowers.Com Inc
10778646327,367775633894,Visitor 33745935,,end-user,True,,,plan_silver,,commodiveniamvoluptates,[],Eisner Food Stores2
360039599453,367953408354,Visitor 86104276,,end-user,True,,,plan_silver,,estconsequaturmolestiae,[],fast org
15976972608,367961038194,Visitor 86143413,,end-user,True,,,plan_bronze,,praesentiumquisquamquam,[],"1,000 Bulbs"
2208998838,367988064473,Visitor 36763002,,end-user,True,,,plan_silver,,noneaquetempore,[],"United Oil & Gas, UK"
10838816968,367993918434,Visitor 16157568,,end-user,True,,,plan_silver,,ipsamautemnulla,[],Avant Garde Appraisal
15622168627,368046789393,Caller +353 85 821 9003,,end-user,True,,,plan_silver,,quaequisnatus,[],This name is not unique
10778656647,368134180793,Kaitlyn Skalet,kskalet@example.com,admin,True,,Product Support - CE,plan_gold,,nullaeaat,[],Home Quarters Warehouse
10838798148,368149275374,Amanda Jones,agamblin+jones@example.com,agent,True,,Product Support - CE,plan_bronze,,cumqueiustoomnis,[],Eisner Food Stores
1803986017,368149275374,Amanda Jones,agamblin+jones@example.com,agent,True,,Product Support - CE,plan_bronze,,cumqueiustoomnis,[],40 Proof
10778617367,368165153954,Peter Agent,peter@example.com,end-user,True,,,plan_gold,,iureevenietnostrum,['itmanager'],House Of Denmark
1718055597,368335203253,Amanda Yu - CE,ayu@example.com,admin,True,,Product Support - CE,plan_gold,,suntaliquidcum,[],z3n Rye
10838812648,368335203253,Amanda Yu - CE,ayu@example.com,admin,True,,Product Support - CE,plan_gold,,suntaliquidcum,[],Helios Air
10778642167,368335203253,Amanda Yu - CE,ayu@example.com,admin,True,,Product Support - CE,plan_gold,,suntaliquidcum,[],Monk House Sales
10838812448,368371915854,Dinky Skalet - CE,dinkythefrenchbulldog@example.com,end-user,True,,,plan_silver,,mollitiasedvelit,[],The Pink Pig Tavern
10778615207,368371915854,Dinky Skalet - CE,dinkythefrenchbulldog@example.com,end-user,True,,,plan_silver,,mollitiasedvelit,[],Waccamaw Pottery
10838810388,368371915854,Dinky Skalet - CE,dinkythefrenchbulldog@example.com,end-user,True,,,plan_silver,,mollitiasedvelit,[],Sew-Fro Fabrics
10838812528,368384476693,Visitor 90064273,,end-user,True,,,plan_bronze,,iddoloribusdolorem,[],Food Mart
10778656707,368385917153,Visitor 6435951,,end-user,True,,,plan_silver,,facilisexplicabovoluptates,[],Sandy's
360039599413,368410477574,Dwight Schrute - CE,schrutedwight99@example.com,end-user,True,,,plan_gold,,expeditaremnon,[],Speedy org
2208998928,368410477574,Dwight Schrute - CE,schrutedwight99@example.com,end-user,True,,,plan_gold,,expeditaremnon,[],United Oil & Gas Corp.
10778640027,368410477574,Dwight Schrute - CE,schrutedwight99@example.com,end-user,True,,,plan_gold,,expeditaremnon,[],Romp
10778642107,368740341834,Tommy Bahama,tommyb@example.com,agent,True,,Product Support - CE,plan_silver,,necessitatibusporroadipisci,[],Knox Lumber
10778656627,368763731074,Caller +1 (707) 701-3321,,end-user,True,,,plan_silver,,placeatearumpraesentium,[],Indiewealth
10838798068,369033497393,Visitor 35998615,,end-user,True,,,plan_bronze,,atiuretempore,[],Wellby
10779027607,369092473533,RT,r@example.com,end-user,True,,,plan_gold,,erroraliquamporro,[],Allied Agent Office
10778623727,369092809313,RT,rt@example.com,end-user,True,,,plan_silver,,minimaisteratione,[],Merrymaking2
10838798068,369128486373,Mdbeaniza,mdbeaniza@example.com,end-user,True,,,plan_gold,,oditdoloremexplicabo,[],Wellby
10778642167,369132408374,Caller +1 (801) 268-0727,,end-user,True,,,plan_silver,,mollitiarepellatmodi,[],Monk House Sales
1803986017,369132408374,Caller +1 (801) 268-0727,,end-user,True,,,plan_silver,,mollitiarepellatmodi,[],40 Proof
10838814768,369132408374,Caller +1 (801) 268-0727,,end-user,True,,,plan_silver,,mollitiarepellatmodi,[],Sunburst Garden Management
10838812668,369141847874,Btillon246,btillon246@example.com,end-user,True,,,plan_bronze,,estutdolorum,[],Red Bears Tavern
10838839568,369239397794,No Email,,end-user,True,,,plan_gold,,culpaexcepturisaepe,[],Clemens Markets
10778656647,369429013993,Visitor 24342869,,end-user,True,Mmmm donuts 🍩,,plan_gold,,nullamagnitempore,[],Home Quarters Warehouse
10838835488,369528067213,Caller +33 6 99 63 65 78,,end-user,True,,,plan_silver,,minimaminimaiure,[],Mr. Steak
10779027607,369688178734,+44 7833 591325,,end-user,True,,,plan_gold,,liberofugiatquasi,[],Allied Agent Office
10838810308,369694307433,Dotty Dumpling - CE,dottydumpling@example.com,agent,True,,Product Support - CE,plan_bronze,,solutaatcupiditate,[],MVP Sports
10838821028,369744805933,raiello@zendesk.com,raiello@example.com,admin,True,,Product Support - CE,plan_silver,,autporroa,[],Odyssey Records & Tapes
10778642187,369750183193,Visitor 96067358,,end-user,True,,,plan_gold,,animiesserepudiandae,[],Country Club Markets2
1803986017,369750183193,Visitor 96067358,,end-user,True,,,plan_gold,,animiesserepudiandae,[],40 Proof
10838808268,369750238733,Visitor 42468770,,end-user,True,,,plan_gold,,officiaquosquidem,[],Herman's World of Sporting Goods
2208998938,369750238733,Visitor 42468770,,end-user,True,,,plan_gold,,officiaquosquidem,[],sForce
10838980228,369750247333,Visitor 69552426,,end-user,True,,,plan_silver,,quaerateiusincidunt,[],Seth Means Org
10838835488,369752725853,Visitor 68332357,,end-user,True,,,plan_bronze,,eosquiavoluptates,[],Mr. Steak
10778619527,369756393013,Visitor 61583225,,end-user,True,,,plan_bronze,,quibusdamautconsectetur,[],Farrell's Ice Cream Parlour
2208998938,369756393013,Visitor 61583225,,end-user,True,,,plan_bronze,,quibusdamautconsectetur,[],sForce
2208998928,369757272074,Laura Scrimshaw,laura1905@example.com,end-user,True,,,plan_bronze,,magnioditexcepturi,[],United Oil & Gas Corp.
1803986017,369766138994,Visitor 75877319,,end-user,True,,,plan_gold,,asperioresquasilabore,[],40 Proof
15976972628,369819110093,Caller +353 87 954 1162,,end-user,True,,,plan_bronze,,aliasveritatisculpa,[],1-800-Flowers.Com Inc
15976972828,369819110093,Caller +353 87 954 1162,,end-user,True,,,plan_bronze,,aliasveritatisculpa,[],abbeal
10838814768,369819110093,Caller +353 87 954 1162,,end-user,True,,,plan_bronze,,aliasveritatisculpa,[],Sunburst Garden Management
10838798068,370018613494,Anyemailaddress,anyemailaddress@example.com,end-user,True,,,plan_silver,,quasiquasesse,[],Wellby
10778637947,370021278434,Visitor 39653357,,end-user,True,,,,,,,Erol's
10778615267,370050943034,Visitor 39653357,,end-user,True,,,plan_bronze,,teneturexercitationemin,[],Merrymaking
2208998888,370072639833,Visitor 95601420,,end-user,True,,,plan_gold,,temporanatusveniam,[],Dickenson plc
15976972828,370072639833,Visitor 95601420,,end-user,True,,,plan_gold,,temporanatusveniam,[],abbeal
10778635907,370097445354,Visitor 89762738,,end-user,True,,,plan_silver,,perspiciatisveritatisaccusamus,[],National Hardgoods Distributors
10778642187,370097445354,Visitor 89762738,,end-user,True,,,plan_silver,,perspiciatisveritatisaccusamus,[],Country Club Markets2
10838810388,370117946474,George,george@example.com,agent,True,,Product Support - CE,plan_bronze,,numquamaterror,[],Sew-Fro Fabrics
10778648407,370143016274,Adam Meehan,ameehan@example.com,agent,True,,Product Support - CE,plan_gold,,illumipsumratione,[],Avant Garde Interior Designs
360010440174,370319449113,Visitor 2878374,,end-user,True,,,plan_silver,,expeditaminimamollitia,[],8254111111111
10778642187,370334155414,Visitor 90901574,,end-user,True,,,plan_silver,,deseruntculpaincidunt,[],Country Club Markets2
360010440174,370339064594,Visitor 39653357,,end-user,True,,,plan_gold,,vitaedolorautem,[],8254111111111
10838831148,370339064594,Visitor 39653357,,end-user,True,,,plan_gold,,vitaedolorautem,[],Life Map
10838812568,370339064594,Visitor 39653357,,end-user,True,,,plan_gold,,vitaedolorautem,[],Mervyn's
2208998838,370339268234,Jesse,jesse@example.com,end-user,True,,,plan_silver,,incidunttemporamagni,[],"United Oil & Gas, UK"
10838808228,370458022533,Paul Geraghty,p-geraghty@example.com,end-user,True,,,plan_gold,,laboriosamquomollitia,[],Wealthy Ideas
1803986017,370571138433,Ken Copeland,,end-user,True,,,plan_silver,,totamfugaassumenda,[],40 Proof
1718055597,370585101373,Chloe Customer,,end-user,True,,,plan_bronze,,laboriosamfacereodit,[],z3n Rye
10838839568,370585101373,Chloe Customer,,end-user,True,,,plan_bronze,,laboriosamfacereodit,[],Clemens Markets
15976972668,370585789833,Visitor 14363488,,end-user,True,,,plan_bronze,,doloremquenobistempora,[],2U
10838814868,370594396574,Ken Copeland,,end-user,True,,,plan_silver,,numquamofficiaperferendis,[],Hudson's MensWear
10838818988,370595365934,Visitor 6435951,,end-user,True,,,plan_gold,,quidemrationenobis,[],Builders Emporium
3535315768,370615567333,Fred Flintstone,yabbadabbadoo@example.com,agent,True,,Product Support - CE,plan_silver,,fugiatdistinctioest,[],Rackspace Corporate
15976972748,370627024794,Chloe Customer,,end-user,True,,,plan_gold,,doloremquearchitectomagnam,[],757 Creative Space
10838821028,370636489674,Visitor 62892710,,end-user,True,,,plan_bronze,,earumodiovitae,[],Odyssey Records & Tapes
15976972628,370681271074,Chloe Customer,,end-user,True,,,plan_bronze,,adhicnecessitatibus,"['uk', 'vip', 'london']",1-800-Flowers.Com Inc
15976972828,370681271074,Chloe Customer,,end-user,True,,,plan_bronze,,adhicnecessitatibus,"['uk', 'vip', 'london']",abbeal
10778640027,370681271074,Chloe Customer,,end-user,True,,,plan_bronze,,adhicnecessitatibus,"['uk', 'vip', 'london']",Romp
15976972608,370681332534,Visitor 31298744,,end-user,True,,,plan_gold,,laudantiumfugiatlibero,[],"1,000 Bulbs"
10778642187,370799582894,Visitor 32146013,,end-user,True,,,plan_bronze,,aperiameosmolestias,[],Country Club Markets2
10838980228,370805248574,Visitor 3510063,,end-user,True,,,plan_gold,,quiaillumvel,[],Seth Means Org
10838812408,370806191414,Visitor 3510063,,end-user,True,,,plan_gold,,abliberocorporis,[],HomeBase
10778617287,370860385254,Caller +1 (920) 427-2381,,end-user,True,,,plan_platinum,,necessitatibusiustoveniam,[],Crazy Tiger
10778615207,370921685053,Visitor 56987079,,end-user,True,,,plan_gold,,omniserrorofficiis,[],Waccamaw Pottery
1718055597,370924622933,Visitor 30028211,,end-user,True,,,plan_bronze,,numquamveniamdeleniti,[],z3n Rye
10778650407,370926262393,Visitor 47060547,,end-user,True,,,plan_gold,,excepturicorporismollitia,[],Circuit City
1803986017,370947927034,Visitor 93468409,,end-user,True,,,plan_bronze,,sedtemporeexercitationem,[],40 Proof
10778619687,370951201994,Visitor 47060547,,end-user,True,,,plan_bronze,,voluptatesdolorsit,[],Singer Lumber
2208998868,370952088714,Visitor 47060547,,end-user,True,,,plan_silver,,magnisapientemagni,[],Burlington Textiles Corp of America
10778650407,370975279994,Caller +1 (914) 522-3028,,end-user,True,,,plan_silver,,autipsummolestias,[],Circuit City
3535325388,370975279994,Caller +1 (914) 522-3028,,end-user,True,,,plan_silver,,autipsummolestias,[],1077207-Moneygram International
20287205127,370975279994,Caller +1 (914) 522-3028,,end-user,True,,,plan_silver,,autipsummolestias,[],Beecher Supply
15976972688,370975809734,Hi,hi@example.com,end-user,True,,,plan_silver,,temporedeseruntfugit,[],Education 360
15976972728,371021420573,Visitor 57164535,,end-user,True,,,plan_gold,,accusamussuntarchitecto,[],3Cinteractive
15622168627,371052163994,Visitor 36815357,,end-user,True,,,plan_silver,,magninequelibero,[],This name is not unique
15976972828,371052187434,Visitor 56987079,,end-user,True,,,plan_silver,,exercitationemessesed,[],abbeal
10838980228,371053068514,Chloe Customer,,end-user,True,,,plan_gold,,molestiasexpeditadeleniti,[],Seth Means Org
10778648407,371119123594,james,james@example.com,end-user,True,,,plan_bronze,,totamdolorsequi,[],Avant Garde Interior Designs
